ActionGeo_CountryCode,MentionTimeDate,count
AO,201601,2298
VE,201602,21012
HR,201603,7192
GR,201604,122290
SW,201604,27596
BO,201605,7948
VM,201606,37876
MR,201607,1944
YM,201608,39994
CA,201609,265997
LO,201608,1924
BK,201610,1575
MP,201610,1410
CT,201610,8703
NI,201611,163466
DJ,201611,1473
SC,201612,73
TO,201612,506
GK,201606,892
AQ,201608,251
SV,201602,77
HQ,201610,1
JM,201601,10962
VQ,201601,438
FI,201604,5235
GM,201605,110711
LE,201605,24203
SL,201605,3771
SG,201605,7152
SL,201607,6287
RI,201608,6587
TO,201609,631
GG,201609,4405
EN,201610,3601
JO,201611,18225
BD,201611,2269
SN,201612,29567
CV,201605,617
PG,201608,150
JQ,201611,2
FO,201601,12
UZ,201603,3530
SG,201603,6387
AM,201604,48077
EG,201605,163871
ES,201605,3488
BK,201606,1209
JE,201606,8462
BP,201606,1631
EG,201609,59742
HK,201611,22005
AA,201611,354
QA,201612,12818
EZ,201612,8742
PC,201607,29
CG,201608,4631
FO,201612,22
NE,201607,34
NF,201602,11
FJ,201604,6554
BC,201604,3613
KG,201604,2985
TZ,201605,10454
BA,201606,20806
KG,201607,3707
NO,201608,22845
MX,201609,113224
SE,201609,2948
VI,201611,373
CO,201612,16664
KE,201612,36387
RN,201609,48
SO,201601,35911
MA,201601,1020
AS,201603,536090
PA,201604,422
TS,201604,4044
BN,201605,3579
SP,201606,44823
CH,201607,324492
NS,201607,319
CH,201608,283949
BL,201608,12717
BO,201609,7869
TT,201609,1101
AF,201610,96059
SU,201610,22956
AR,201610,11530
RW,201611,9692
FR,201612,134958
LS,201612,276
WI,201601,226
KT,201610,19
SU,201611,19043
GL,201612,1293
TO,201601,636
IM,201601,31
HU,201601,14514
VI,201601,374
AM,201602,11206
DO,201602,366
BC,201603,4563
JO,201604,26419
TH,201606,46924
TN,201606,1038
RI,201607,6010
TZ,201608,10952
SV,201608,112
GT,201609,3516
OS,201609,3465
TD,201610,6307
HU,201610,24889
CF,201611,6673
PU,201611,303
GP,201605,30
HQ,201607,7
GQ,201602,2241
ST,201603,678
PL,201604,25625
AN,201604,106
RS,201605,161377
BG,201605,77339
PL,201606,36909
MK,201606,4724
IT,201606,70225
AG,201607,7621
FR,201610,174979
VC,201610,619
UG,201612,17417
KR,201602,589
NO,201601,15756
HR,201601,4043
SI,201601,1324
BH,201602,4104
KS,201604,57937
DO,201604,358
ZA,201605,9063
AC,201605,543
WA,201608,3403
BL,201610,1233
EC,201611,8273
ET,201612,10930
NC,201607,82
NH,201611,540
MG,201612,3853
NZ,201604,41030
BH,201606,3574
ET,201606,16561
JM,201607,12776
QA,201607,10149
TW,201610,17727
AC,201612,1234
FP,201612,157
FG,201612,89
FM,201604,1638
NT,201602,9
RS,201601,134020
ET,201602,16647
CS,201602,2364
CW,201602,627
MZ,201603,12379
ML,201603,11477
DJ,201604,4774
PA,201605,887
BA,201608,10671
BC,201608,4615
TT,201608,700
GY,201611,5393
PP,201612,3011
LS,201603,544
FK,201602,37
MB,201606,77
,201607,695596
TH,201611,30928
TH,201601,38387
FP,201603,1615
RM,201604,595
MX,201605,88607
RP,201607,164274
KU,201609,6867
TH,201610,67302
HK,201610,13134
NS,201610,299
JE,201611,8908
CH,201612,270492
FK,201601,26
US,201603,4312605
BO,201602,8880
BE,201603,293439
LU,201603,2606
JM,201605,11759
CA,201606,285045
NC,201606,226
PC,201606,329
AE,201607,24227
GI,201608,536
PP,201609,2395
VM,201610,40586
ET,201610,34505
LT,201610,1122
IM,201606,193
GP,201607,157
TV,201603,88
JN,201609,7
FP,201601,408
RS,201603,190952
AO,201603,8397
MI,201603,6566
MJ,201603,1049
AF,201605,127885
GV,201607,1661
UY,201607,4897
AO,201609,3252
SL,201610,4811
WS,201612,1382
MF,201610,21
BK,201612,3981
RN,201606,50
CQ,201606,502
AF,201601,101354
RI,201602,9028
AF,201603,75326
CB,201603,22087
PL,201605,26941
AM,201607,36112
EI,201610,65357
NF,201610,22
KT,201612,518
AG,201601,8250
TW,201602,20240
YM,201603,32485
HA,201603,8624
YM,201604,31081
GG,201604,2398
DJ,201605,3683
UV,201605,2308
MY,201606,49064
BN,201606,2647
TS,201607,17537
BO,201608,6306
AN,201603,194
MY,201612,46925
JO,201601,25988
SF,201602,74210
CI,201602,9014
HU,201605,12842
VI,201606,278
HU,201611,15627
CN,201606,234
SM,201609,155
CM,201612,6928
EU,201607,4
MF,201601,5
EC,201601,3331
BC,201602,4581
KZ,201602,4809
MJ,201602,2100
MI,201604,6711
RE,201605,348
RP,201608,130354
RI,201609,4663
LG,201609,2744
LE,201610,17525
BL,201611,2531
CT,201611,4000
SH,201609,56
TP,201605,53
LQ,201610,1
CW,201601,366
AO,201602,11331
VM,201603,30863
DR,201603,4153
TU,201604,171281
NL,201604,30300
WA,201604,5065
SL,201604,4312
AY,201606,6084
KE,201607,67834
MC,201607,738
AC,201608,1521
BK,201608,1309
LH,201610,6691
ML,201610,7688
NO,201612,13812
GY,201612,6021
PU,201610,283
RN,201612,50
AN,201612,46
CG,201601,1091
BM,201601,12728
BE,201602,43005
KG,201602,2209
KZ,201604,4379
NH,201604,923
MA,201605,805
UV,201606,2558
MJ,201606,581
NP,201607,23177
DO,201607,472
GA,201607,5488
BR,201608,51574
KS,201608,55612
KU,201610,8915
MZ,201611,5488
GA,201611,8513
PS,201611,304
MX,201612,63924
HK,201612,9277
NS,201606,255
SV,201611,81
CU,201612,51553
FK,201604,24
TK,201602,16
FJ,201601,5346
SL,201603,7150
CU,201606,30579
HO,201606,3225
MU,201608,7135
NL,201611,28528
SB,201602,7
ST,201602,516
IT,201604,93884
GQ,201604,3011
PM,201606,11729
TZ,201607,18252
FK,201608,87
LU,201610,3381
CD,201601,5369
KN,201603,94564
MT,201604,6172
MR,201604,623
MG,201605,3787
CJ,201607,1017
BN,201608,3724
MT,201609,6933
SG,201611,3476
VT,201611,2139
CN,201610,144
MF,201611,28
BK,201602,3167
BL,201603,2810
EK,201603,1109
QA,201605,15035
TS,201605,11700
BD,201605,2245
WE,201607,13715
MD,201610,4450
QA,201610,13052
VQ,201610,682
MB,201612,470
HO,201601,4424
WS,201601,1227
KR,201601,141
RS,201602,226229
PP,201602,3514
SY,201603,249138
JO,201603,29336
TZ,201603,10755
MA,201603,1998
DA,201605,13249
MJ,201607,608
KE,201609,55410
TW,201609,15182
BH,201612,2896
BF,201612,4731
FP,201609,318
BK,201601,1120
MY,201602,47354
GJ,201604,966
LH,201605,3783
GI,201605,2297
BA,201609,9154
AM,201611,13212
GK,201611,2464
KR,201610,210
RN,201611,102
BY,201601,16995
BR,201602,67842
SN,201602,26298
MG,201603,2457
BR,201606,32500
SV,201606,89
MJ,201610,2892
AU,201610,16593
SM,201604,85
OC,201607,320
LQ,201602,1
IO,201602,12
CJ,201601,1211
KS,201601,62846
ID,201602,52399
SP,201603,67179
SE,201603,1121
UG,201604,17049
AQ,201605,354
SY,201606,168964
KZ,201606,7005
KU,201606,11748
KN,201608,46283
WZ,201608,1640
NL,201609,26748
KZ,201609,4413
LI,201610,7276
NL,201612,26335
YM,201612,24077
AM,201612,12007
YI,201611,71
PL,201603,27733
VE,201603,13486
AU,201604,23691
BU,201604,14405
GB,201604,1908
NE,201604,335
EI,201605,64071
SN,201606,36321
MP,201606,1153
AS,201607,360619
GI,201607,2048
BH,201608,5338
BK,201609,1910
BO,201610,8052
RE,201611,496
YI,201603,711
AA,201608,257
LT,201611,1807
TO,201603,565
NS,201604,339
SM,201612,26
MF,201603,72
AE,201603,33612
ZI,201604,23778
CU,201605,43542
MX,201606,101454
BT,201606,1576
ER,201607,2974
VE,201607,14906
CO,201607,10422
LG,201607,2693
RP,201609,153307
AA,201601,264
CQ,201608,30
TV,201612,63
LO,201601,2303
BX,201602,12138
AE,201602,28059
SF,201603,82895
PP,201603,3119
ET,201605,11564
GJ,201605,2598
SI,201605,2084
SF,201606,106439
CS,201606,2781
DO,201606,440
AR,201607,10148
GZ,201608,2445
PM,201609,5504
MV,201609,3297
EG,201610,52640
ET,201611,12046
IM,201611,152
LU,201612,2810
SV,201603,82
,201611,691492
CU,201601,28525
CM,201602,7779
IT,201603,74091
LT,201604,1041
RQ,201605,18889
AA,201605,360
GT,201607,3741
MG,201607,9861
JA,201608,107068
CY,201608,7466
SW,201609,21000
RI,201610,8906
ST,201610,959
PS,201610,166
AG,201603,12483
CU,201603,110632
TD,201604,5801
WA,201606,5661
SF,201608,101068
GJ,201609,1039
BN,201610,4355
PG,201610,46
KU,201612,7447
YM,201601,37929
GI,201604,1029
AU,201606,15741
GJ,201606,1093
CM,201606,6231
BE,201607,36806
EC,201607,2050
WI,201608,697
NL,201610,29924
DJ,201610,3783
SW,201611,35463
LQ,201604,2
LH,201601,2418
CF,201601,3264
MG,201602,1471
IV,201602,2900
GR,201603,122116
MK,201603,32540
RW,201605,12677
RE,201606,513
TI,201607,3385
SA,201608,64791
CE,201610,25675
SA,201611,41537
AC,201611,2045
NH,201602,698
SH,201606,123
HQ,201612,1
HK,201602,14862
GZ,201602,4064
KV,201602,3469
TL,201602,36
DJ,201603,4601
ES,201603,3315
GH,201605,35610
UZ,201605,3303
SU,201607,30622
MH,201608,185
BM,201609,17804
AE,201609,23776
CU,201610,37206
SM,201610,90
EC,201612,2587
UY,201611,1072
FK,201606,68
KE,201601,41768
LA,201601,10780
OS,201601,4761
GK,201602,781
CH,201603,261575
MR,201603,2065
CY,201603,25013
IS,201604,214796
RP,201604,110865
LU,201606,9274
AY,201607,1126
JM,201608,13081
GG,201608,1712
WS,201608,2199
RQ,201611,4465
TT,201601,391
FG,201607,22
TK,201609,8
IM,201608,22
AF,201611,100351
MO,201611,24484
MU,201612,6872
PM,201601,4884
OD,201602,11620
PU,201602,190
GH,201603,40409
EC,201603,4958
CG,201603,2004
CW,201604,443
MN,201604,1839
WA,201605,3822
MC,201605,653
ID,201607,44455
HR,201608,5792
BH,201609,4258
JO,201609,32385
RM,201609,573
IO,201609,5
AJ,201611,12075
GT,201612,3561
BP,201612,964
PS,201603,313
PC,201602,91
RN,201604,57
NR,201601,2416
MD,201602,2731
ES,201602,5952
BH,201603,4350
NO,201604,25823
BR,201605,55134
BM,201605,12183
KV,201605,2074
AS,201608,374052
YI,201609,72
DO,201609,394
NC,201611,196
TW,201612,46273
ER,201612,1528
TL,201605,92
EK,201602,647
EN,201604,2313
BB,201606,2805
WE,201606,17620
BO,201606,6432
MA,201607,1686
MH,201607,88
IV,201610,4593
OS,201611,3772
GT,201611,3330
BA,201611,15110
PO,201612,9614
SP,201601,37708
NL,201602,27509
CG,201604,1219
ER,201604,1433
TN,201604,609
LI,201606,16898
CE,201606,21787
NO,201606,19939
IR,201607,84033
ID,201609,44502
HR,201609,5508
TT,201610,1093
CB,201611,16527
BN,201611,3537
IT,201612,111616
PC,201604,44
IS,201601,176044
KG,201601,2583
BB,201601,2673
JA,201603,86024
WZ,201605,1306
HO,201605,7511
LA,201605,5708
BL,201606,2732
HU,201606,11992
SZ,201607,29329
HO,201607,8926
RQ,201608,9717
AS,201609,371753
GB,201610,1282
AC,201610,1192
MC,201610,1579
HQ,201603,5
GA,201604,8015
GR,201607,49256
AQ,201609,254
JM,201610,18426
ID,201611,52747
MV,201612,1467
SM,201606,119
TP,201611,30
BA,201612,20894
UV,201601,43059
BF,201602,9154
GB,201602,869
BP,201602,550
BH,201605,3383
HR,201606,5862
PK,201607,164290
AJ,201607,12473
LY,201608,46459
AF,201609,99617
BT,201610,3368
EZ,201610,9804
KZ,201612,11396
FO,201602,24
,201605,797061
GV,201601,2743
TI,201602,2932
PO,201603,6569
GK,201605,1221
ES,201606,3562
CE,201607,24073
IC,201607,2995
BY,201607,7870
VC,201607,550
CM,201608,3353
VT,201609,2587
GZ,201610,2882
BY,201611,6107
TK,201604,11
NF,201608,24
EZ,201604,10083
MI,201605,5806
YM,201605,33892
MT,201607,6330
KN,201609,79889
BX,201609,14789
HA,201609,9144
NU,201612,1517
NC,201609,506
TV,201601,39
GB,201605,759
BV,201610,2
IT,201601,73077
IN,201603,316382
CA,201604,281525
LE,201604,48109
NU,201604,2223
PP,201606,12328
CV,201606,177
MF,201607,18
BM,201608,12871
CH,201609,337210
SG,201609,3644
FR,201611,141940
GM,201612,199909
PG,201612,28
MH,201610,98
TU,201601,148954
EI,201601,49488
IN,201602,366575
LG,201603,1868
SP,201607,59930
BT,201607,1590
UZ,201608,8508
MZ,201610,3600
IZ,201611,184607
KE,201611,43367
NF,201605,177
NT,201609,30
WQ,201603,4
FQ,201612,2
CH,201602,259444
LA,201602,3634
TW,201603,15260
IC,201603,2045
OC,201603,794
TD,201605,6687
RB,201605,6207
ST,201606,788
PO,201606,8004
MP,201607,1698
BG,201608,85213
AL,201609,4720
ER,201611,1360
TL,201601,13
UK,201601,409471
SW,201601,41150
GT,201601,7028
LY,201602,38823
JM,201603,14333
PC,201603,290
NG,201604,3597
KE,201606,55022
KR,201606,683
GL,201607,992
AU,201608,13342
SN,201609,38308
CD,201609,5350
SU,201609,28979
ET,201609,18039
SW,201610,31926
MI,201611,6973
PP,201601,3275
NS,201601,168
GA,201602,6375
TP,201602,55
HK,201604,10988
MD,201604,1945
LT,201605,1406
CU,201607,24563
GQ,201607,2547
LO,201607,3448
IR,201608,114688
MZ,201608,5720
NI,201609,168526
WE,201611,17841
UZ,201612,4951
SV,201612,192
SO,201611,29360
NF,201611,72
SM,201602,87
NF,201601,19
KN,201601,82656
ET,201601,17286
UV,201603,5015
TN,201603,810
CI,201604,9500
GK,201604,1319
GR,201605,77147
TT,201607,536
FJ,201608,5285
HO,201608,6163
SF,201610,117903
CA,201610,260917
KV,201610,2942
TN,201610,601
AS,201611,367220
MT,201612,15326
MJ,201612,1395
GP,201606,41
OC,201601,520
AN,201608,53
GP,201610,65
NT,201606,12
IO,201601,3
SU,201601,21061
AM,201601,8241
DO,201603,442
NZ,201605,38549
BU,201606,9503
AR,201606,10647
RI,201606,9564
LG,201606,2275
EI,201607,77966
RQ,201607,6656
CJ,201608,1130
IC,201612,4418
GP,201612,68
SO,201602,37933
BN,201603,5102
FJ,201605,5888
DO,201605,372
OS,201607,6174
MU,201607,4492
VM,201608,40301
TO,201608,1052
FI,201608,5227
MN,201609,1093
NH,201609,641
CI,201609,7682
KV,201611,2840
PG,201603,107
SB,201601,10
EZ,201601,9822
DA,201602,15109
MT,201603,6025
SF,201604,89642
TU,201605,130305
MP,201605,2246
CF,201606,6205
MO,201606,12962
SI,201607,5092
IC,201608,3669
AE,201608,33741
LU,201608,2179
CW,201608,428
NG,201609,7272
BN,201612,2577
MJ,201604,897
PC,201612,49
PU,201601,401
PF,201605,63
YI,201606,80
CQ,201601,37
MZ,201601,4539
AM,201603,12249
CU,201604,41344
MA,201604,1535
SU,201606,20448
AE,201606,26076
ZA,201606,8455
MD,201607,2815
KG,201608,4672
LH,201608,2145
SY,201609,336135
MC,201608,975
SN,201610,33479
TS,201610,5036
BH,201611,3577
KV,201612,2071
EN,201612,3348
FK,201607,73
VI,201612,222
NC,201612,133
CG,201611,1839
JA,201601,74617
SV,201601,65
FK,201603,53
TT,201604,1666
MU,201606,3957
MD,201606,2352
JE,201609,12964
CW,201609,494
CH,201610,272198
CV,201611,196
LI,201612,9043
PG,201604,54
CV,201601,320
DR,201601,3626
WA,201603,5081
GG,201603,3358
HU,201604,11511
CA,201605,333805
IR,201605,116778
CG,201605,3891
FI,201606,7639
TD,201606,5926
SG,201606,4403
MR,201606,1030
MA,201606,3906
VQ,201607,926
EZ,201608,8374
EN,201609,2497
SE,201610,1972
WA,201610,3971
NG,201611,5275
MB,201610,65
PU,201612,155
TK,201612,19
CB,201601,10899
ID,201601,89928
SF,201601,58275
VT,201601,2635
IR,201604,117120
MY,201605,49105
NS,201605,348
BM,201606,11684
AM,201606,42085
CI,201606,11249
BN,201607,2160
CA,201608,251290
MD,201608,3804
JM,201609,16453
DJ,201609,1204
AJ,201610,18887
EK,201610,3160
IT,201611,59778
EN,201611,4724
AF,201612,84918
PE,201602,7750
AL,201603,9360
CO,201604,15532
JM,201606,12124
OD,201606,5958
BD,201608,1759
TI,201608,4158
BR,201609,43492
ZI,201610,33318
KG,201610,4557
AN,201610,82
LI,201611,10804
LO,201611,2223
WF,201608,7
NE,201610,46
FI,201601,7528
IV,201601,4506
CM,201603,7515
ES,201604,6082
IC,201604,21207
UZ,201604,2918
BE,201608,20653
SI,201608,1095
AG,201609,14718
GP,201609,45
GQ,201610,2977
BR,201612,27051
WA,201612,2975
RE,201609,729
OC,201612,347
TV,201607,90
AU,201601,26136
BL,201602,6977
GY,201603,5672
NZ,201606,32396
US,201607,5399609
PM,201607,6040
ID,201608,47861
GL,201608,1883
SF,201609,100946
HO,201609,2711
PL,201611,30181
VI,201603,355
AN,201606,64
NR,201611,5802
CG,201612,7560
CH,201601,261456
CY,201601,9196
DO,201601,488
NG,201605,7133
BE,201606,61866
LT,201607,3833
CO,201608,24444
BL,201609,2028
OC,201609,443
GY,201609,4780
IR,201610,86874
SZ,201610,34018
HO,201610,3673
SN,201611,27091
EI,201612,65864
FO,201604,85
TL,201607,25
KN,201604,67831
CT,201604,3544
BK,201604,1810
IZ,201605,167263
BL,201604,4741
WI,201605,1553
OS,201608,3689
GP,201608,161
AJ,201609,12494
MV,201610,4338
YI,201607,93
,201602,705367
SY,201611,190418
SB,201607,3
SZ,201601,75595
SI,201602,3062
DR,201602,3841
IV,201603,24344
VM,201604,30353
UG,201605,31191
SE,201606,965
MG,201608,1783
PS,201608,253
DA,201611,16430
GB,201611,441
CE,201612,16344
MV,201601,5769
GG,201601,2018
MY,201603,72367
BR,201607,29378
MI,201608,6437
GQ,201609,5586
TI,201610,2502
RI,201611,4084
GI,201611,802
BT,201611,2152
MD,201612,1852
JM,201612,10962
HO,201612,3782
SC,201602,335
BG,201612,50201
FK,201610,52
NT,201612,5
PL,201602,29958
CB,201602,17250
CD,201602,6963
NS,201602,222
HR,201605,5622
SO,201606,38498
GQ,201606,3862
LH,201607,2864
PP,201608,3874
HA,201610,68262
WA,201611,3997
UV,201611,1657
IS,201612,265022
EK,201612,899
MZ,201612,4784
SC,201604,275
FP,201605,253
GB,201607,528
VI,201610,316
SE,201611,1099
YI,201605,46
CO,201602,22284
CH,201605,265261
BB,201605,2961
KG,201605,3847
CS,201607,2968
PK,201608,245288
NG,201610,9986
FJ,201610,5758
GA,201610,7469
PP,201611,3782
MH,201606,99
PC,201608,100
SV,201610,63
TL,201606,18
TP,201603,32
BX,201601,5758
CG,201602,1522
RQ,201602,8629
BU,201603,10756
SO,201604,21889
BC,201605,4010
UP,201605,28794
WE,201605,24162
PS,201605,453
BP,201608,509
TZ,201609,12242
SA,201610,64368
NP,201610,19953
NU,201610,1932
SH,201605,34
FO,201611,39
PE,201612,14679
OD,201601,7560
NI,201602,150766
BT,201605,1671
FJ,201609,6870
EZ,201611,9476
BM,201612,15435
FQ,201605,1
RO,201601,14295
CS,201603,3132
CF,201604,8249
BY,201604,10104
CN,201605,547
VE,201606,17979
CG,201606,2610
HK,201609,17399
ZA,201609,7834
GG,201610,6075
DO,201610,572
IS,201611,155634
NO,201611,13438
US,201612,3828262
UK,201612,459279
TS,201612,27998
FG,201606,79
MH,201612,79
CS,201612,1871
TT,201611,226
NE,201612,15
VI,201602,224
RE,201602,201
TV,201604,325
NI,201605,192333
NP,201605,25184
IS,201606,202938
TS,201606,5140
TH,201607,38108
PF,201607,446
SY,201608,249191
GQ,201608,3581
CN,201609,812
TU,201610,137958
IN,201612,314214
NP,201601,15483
GA,201601,5176
BA,201603,8326
CW,201603,497
TH,201605,43022
AJ,201606,16578
NG,201606,10698
SC,201607,187
CB,201608,14802
SW,201608,18434
AY,201608,849
GM,201611,136404
LE,201611,17943
MP,201612,1298
PO,201611,10537
HQ,201611,4
EN,201602,2068
NR,201603,3644
BX,201604,7307
GH,201604,34831
SI,201604,848
TI,201605,6622
MR,201605,1648
MG,201606,6247
LY,201607,32450
IN,201611,346998
TD,201611,6690
TE,201602,2
MB,201605,80
HK,201601,15624
WI,201602,651
SU,201603,20489
GY,201604,4691
CM,201604,10312
MT,201608,4860
MO,201608,6989
RS,201611,211786
JM,201611,11679
CJ,201611,1078
JA,201612,131070
LT,201612,1310
WQ,201606,2
SZ,201606,42518
MT,201606,5011
GK,201608,1195
GM,201610,117935
BY,201610,9622
GQ,201611,4331
YM,201611,19850
GP,201601,33
MF,201612,10
TK,201605,29
CA,201602,262712
KS,201602,85333
GH,201607,39353
TX,201608,2084
AL,201608,4672
NZ,201611,58576
KR,201608,264
BC,201612,2616
IP,201602,1
PO,201602,12684
FJ,201602,19480
EI,201603,72071
LI,201605,11089
OS,201606,5896
MY,201609,42670
PM,201612,5670
GB,201612,1215
TV,201608,63
FO,201609,54
WQ,201602,2
BG,201601,29948
BN,201602,2484
ET,201603,14631
FM,201603,331
WI,201604,1786
IN,201605,348045
CW,201605,335
GL,201606,1733
HU,201608,9637
NS,201609,1013
IS,201610,154821
NE,201605,126
FK,201605,50
AR,201611,10535
LE,201601,24628
MN,201602,721
PL,201608,23244
BY,201609,2678
GH,201610,52135
TI,201611,1577
GV,201612,2721
HQ,201609,10
IT,201602,72177
LG,201602,3351
BR,201603,66619
VT,201604,5377
CD,201604,8175
UK,201605,548106
GH,201606,41877
FJ,201607,6230
VE,201608,14185
GA,201608,4653
MJ,201609,1015
NI,201610,188422
NF,201606,18
,201606,765496
SM,201611,105
SV,201607,448
SB,201605,1
PK,201601,210203
GB,201601,1203
SZ,201602,47933
JA,201604,121604
DR,201604,2122
NL,201606,29907
CW,201606,565
FI,201607,10092
TS,201608,6698
GV,201609,1886
AE,201610,32372
MT,201601,5202
BD,201601,1539
RW,201602,10794
GT,201602,6032
AV,201602,360
VC,201604,458
SU,201604,23701
BH,201604,4420
VM,201605,107758
SW,201605,27319
BX,201607,25021
IC,201609,4267
SP,201609,34168
IV,201609,3086
UZ,201610,3149
QA,201611,11374
PU,201608,354
WI,201612,288
EN,201601,2426
BF,201603,7181
FR,201605,194077
FM,201605,201
SL,201609,4765
FM,201610,177
AQ,201610,630
MB,201608,205
RN,201607,51
TH,201612,32854
RN,201601,89
GT,201603,4028
JM,201604,12532
OC,201605,828
KZ,201607,7207
TH,201608,61164
PA,201609,2145
IT,201610,81789
SG,201610,3301
SZ,201611,28222
AU,201611,19431
IO,201611,48
BY,201612,2711
MI,201612,6144
WQ,201610,3
JQ,201608,1
IZ,201602,93533
TH,201602,35841
SP,201604,43516
LO,201604,1482
CH,201606,295070
LO,201606,1815
TN,201607,709
AA,201607,186
HU,201609,20174
GR,201610,33184
YI,201610,67
RW,201612,6194
IM,201603,51
AA,201612,277
UY,201612,2682
BY,201602,14575
CF,201602,6551
GM,201604,122320
JO,201605,23236
SW,201606,19886
RW,201607,15664
JE,201607,10371
ER,201608,1529
EG,201612,64446
PC,201610,33
PK,201612,125205
NH,201612,648
IO,201605,6
GJ,201601,2035
MO,201602,9467
BG,201604,81080
KS,201605,53893
RO,201609,11582
AS,201610,379736
OD,201610,10746
UY,201610,2765
MR,201611,1495
RB,201611,6381
KR,201612,284
LO,201612,1830
FK,201612,22
GP,201604,87
SH,201612,7
VM,201602,30445
TU,201603,254328
BK,201603,7079
AS,201605,388883
PP,201605,5751
EN,201606,2993
BY,201608,4311
BP,201611,1484
NP,201612,15349
AO,201612,3301
NE,201603,29
TE,201610,2
PF,201611,7
KQ,201605,1
ER,201603,2319
NL,201605,25456
FG,201608,67
CU,201609,39075
UV,201609,2274
WE,201610,12746
BP,201610,532
NU,201611,8103
VE,201612,15885
FP,201607,138
CQ,201602,22
BC,201611,4297
SH,201611,16
SB,201609,2
KT,201601,750
KU,201601,12941
NI,201604,159845
CO,201605,24899
CI,201607,7217
SO,201607,22104
UZ,201607,3179
IS,201608,158038
PS,201609,311
NP,201611,20244
MR,201609,972
LQ,201611,1
BL,201601,2616
AR,201601,10777
GR,201602,95075
PS,201602,233
CT,201603,6191
GJ,201603,992
ID,201604,40351
OD,201605,6154
KU,201605,9974
CT,201605,2681
PS,201606,277
BF,201608,5562
WE,201608,11969
SO,201609,35952
WI,201609,378
JA,201610,84071
CM,201610,6031
GL,201610,968
UP,201612,31455
NS,201603,156
PF,201602,355
,201609,726044
RW,201601,7256
LT,201601,1272
IR,201602,118174
EG,201602,75383
NR,201602,25908
PM,201602,4582
ZI,201603,32423
NP,201606,21206
SE,201607,1193
UK,201610,553438
UP,201610,25071
AM,201610,14027
NE,201611,19
TK,201608,51
GJ,201612,841
JQ,201607,5
SA,201604,118566
PC,201605,17
FO,201607,299
KU,201608,10157
RN,201608,44
MR,201610,2136
NH,201610,1256
MK,201610,2508
TZ,201611,9422
WI,201611,596
AO,201611,4999
GG,201611,2139
SE,201602,1112
LH,201612,6239
MV,201602,5323
GH,201602,41699
RQ,201604,9791
PO,201605,9342
AO,201607,2952
BL,201607,2103
NL,201608,26543
RM,201610,1202
OD,201612,11695
NS,201612,360
TN,201612,787
MF,201609,41
MR,201601,726
GV,201602,4274
FR,201603,229083
MX,201604,71935
JO,201606,29385
BY,201606,6503
UG,201608,26702
NP,201609,19761
AC,201609,1457
CS,201609,2818
RQ,201612,4725
AQ,201601,720
FO,201605,62
AL,201611,5920
TS,201602,12795
NP,201602,22785
GI,201602,743
JE,201603,9036
PP,201604,9946
JA,201605,183835
NI,201606,168814
SA,201607,80410
TW,201608,15939
LA,201608,9180
EI,201609,77725
FR,201609,159782
MC,201609,856
CI,201610,6055
CY,201611,10508
FI,201612,13369
ST,201612,890
LQ,201605,1
MR,201602,2339
AA,201604,379
EK,201604,1512
SY,201605,208037
RP,201606,113052
NU,201606,2023
FR,201607,271000
SN,201607,28088
SZ,201608,28829
AJ,201608,10735
TU,201609,133546
BD,201609,2559
NZ,201610,38773
CB,201610,16765
KN,201610,28925
RS,201612,433369
PG,201602,269
GH,201611,46181
AR,201612,10963
BV,201612,2
CQ,201605,19
MX,201601,127452
IC,201601,2785
NG,201602,5680
CE,201602,23721
ZI,201606,23718
RW,201606,8868
QA,201609,10422
AG,201611,8218
ZA,201612,5182
WE,201612,22821
FM,201601,204
PK,201611,157970
LQ,201609,1
GM,201601,174054
OC,201604,1286
EC,201605,4829
GG,201605,2813
MI,201609,5517
PF,201604,81
CQ,201609,35
TL,201610,36
MC,201601,492
SI,201603,2445
VE,201604,14119
BD,201604,3117
FI,201605,9544
AG,201605,6033
HA,201607,6822
CJ,201609,1100
CM,201609,4659
BX,201610,12525
BB,201611,5590
MC,201612,764
FR,201601,189885
AS,201602,596305
LU,201602,3800
EZ,201603,12371
BR,201604,49835
NU,201605,1685
MN,201606,1173
PE,201607,10039
MZ,201607,9751
BC,201610,4383
EK,201611,827
TP,201612,1886
NC,201603,243
TP,201607,87
WA,201602,4955
MA,201602,714
MP,201603,1232
TS,201603,26624
MU,201603,7056
JE,201605,10249
UK,201606,769008
UY,201608,1478
AA,201609,673
TV,201609,152
JO,201610,16244
VC,201611,818
ZI,201612,33780
LQ,201606,2
IZ,201601,128073
PC,201601,51
GL,201601,1670
TD,201602,6254
CA,201603,279349
TT,201603,922
BF,201605,7571
US,201610,4584952
MO,201609,16706
RS,201610,300968
GV,201611,2028
VM,201612,31899
HA,201601,15210
AR,201603,32876
GL,201604,1361
SA,201605,58301
IN,201607,385665
KV,201607,2505
IV,201608,2343
CD,201610,9217
LA,201612,3429
AV,201611,167
FM,201611,124
CV,201608,106
AV,201612,198
KT,201607,82
PC,201611,107
KU,201611,7218
TX,201602,1863
LI,201604,8466
RQ,201606,26170
TX,201609,2064
PP,201610,1769
KS,201611,89204
MD,201611,5064
SP,201612,35972
GG,201612,1746
LS,201609,161
WI,201610,374
NT,201607,7
KR,201611,730
LQ,201601,2
TL,201611,16
ER,201602,3649
KE,201602,34092
LE,201602,28735
PK,201603,204326
SM,201603,84
MZ,201605,3803
AQ,201606,341
VT,201607,2848
EN,201607,4605
ZI,201608,45643
NR,201608,6179
IZ,201610,235478
SY,201610,269315
NO,201610,18137
AJ,201612,16018
MR,201612,812
TT,201602,4479
BY,201603,7327
RO,201605,17858
TV,201605,300
EG,201607,48057
DA,201608,11028
MN,201608,1285
IS,201609,231197
BT,201609,3426
BG,201610,49078
CH,201611,265643
LA,201611,3758
BU,201612,10122
VT,201612,2394
NE,201601,21
PF,201610,60
PF,201606,15
GK,201601,772
PF,201601,2834
RP,201602,84642
CV,201603,399
PE,201603,11075
IN,201604,337851
OS,201604,4860
AO,201604,5941
US,201606,4769985
CT,201606,4952
RS,201607,193193
OC,201608,290
UG,201609,25009
PE,201609,16935
TZ,201610,12416
RQ,201610,6950
GR,201612,29135
DR,201612,2222
VC,201612,479
YI,201601,191
RP,201601,85774
VI,201604,3579
SZ,201605,45936
TU,201607,424013
IZ,201607,174820
AM,201609,14259
CG,201609,6225
UK,201611,544515
WS,201611,1797
CV,201607,142
SC,201609,155
PC,201609,49
TW,201601,22855
CT,201601,5159
SC,201601,260
MK,201602,18126
TH,201603,35476
SA,201603,60279
OD,201604,20637
LY,201605,48325
GA,201605,5132
FJ,201606,9602
FP,201606,158
TX,201606,1484
MV,201608,4438
PM,201608,5371
ZA,201608,12924
GM,201609,108889
MX,201610,66588
AY,201611,2738
LS,201602,136
NC,201602,177
PF,201603,19
JM,201602,12868
LH,201603,2934
ZA,201604,10434
CJ,201604,2483
IT,201605,86257
TX,201605,3365
TT,201605,816
BH,201607,3706
UV,201607,1467
GY,201610,5068
MF,201604,33
WQ,201605,2
TD,201601,3519
NU,201602,1753
LU,201605,2734
CF,201607,6357
GR,201608,35750
RB,201608,4310
GB,201608,4352
YM,201609,21896
UK,201609,558477
MA,201612,4876
SH,201602,33
SH,201601,8
AY,201602,1258
FO,201603,102
UK,201607,632921
NH,201607,903
KR,201609,2054
RP,201610,133048
PM,201610,7624
CF,201610,7389
PF,201608,76
RE,201612,113
SM,201605,67
SY,201612,355109
GZ,201603,2901
HA,201606,9383
GZ,201606,1457
PU,201606,256
NU,201609,2641
NR,201609,1847
SB,201612,1
SH,201603,9
NF,201609,205
FG,201602,156
VQ,201602,664
FM,201602,458
SZ,201603,44484
IC,201605,3423
AF,201607,133990
HK,201607,13898
AU,201607,15625
WZ,201607,1508
SL,201608,7062
WE,201609,13283
PO,201609,8298
ID,201610,40837
ID,201612,61695
AQ,201602,2655
PU,201607,302
PS,201612,149
,201610,720922
DJ,201601,5345
OS,201603,5191
AY,201603,1053
UK,201604,502179
LH,201604,4104
TI,201604,2515
TW,201606,18760
TO,201606,975
GA,201606,5465
LH,201606,3778
AL,201607,9275
AC,201607,835
SG,201607,2400
CB,201609,16689
WA,201609,3754
KE,201610,51880
GK,201610,734
TO,201611,797
KT,201602,1003
MO,201601,10746
KN,201605,47440
SN,201605,30778
TO,201605,968
EK,201605,834
QA,201606,22932
EC,201606,3002
IS,201607,185383
PA,201607,1731
CG,201607,2358
UK,201608,494168
VI,201608,240
NZ,201609,39044
PU,201605,478
AV,201606,190
VI,201607,213
ZI,201602,29911
EI,201604,59663
MH,201605,116
PE,201606,20847
GY,201607,5297
KE,201608,47736
TN,201611,1000
SC,201611,214
GL,201611,1255
MC,201611,758
BU,201601,8424
EG,201604,73722
NC,201605,256
TZ,201606,13853
MV,201607,2364
LU,201607,3440
AU,201609,16796
HR,201610,5310
BB,201610,3581
CN,201612,127
CQ,201611,37
BV,201601,6
NF,201603,13
HQ,201608,4
BC,201601,3709
AF,201602,88377
PA,201602,591
PS,201604,411
BB,201607,2725
KG,201611,4465
PF,201609,25
VM,201601,40133
CI,201601,8898
UG,201603,17700
KR,201604,327
CI,201605,12658
AY,201605,1094
FR,201606,148533
MX,201607,60629
WS,201607,1789
EN,201608,2070
LT,201608,1334
UZ,201609,12657
KG,201609,5349
GL,201609,1377
IC,201610,7080
LG,201610,2903
EI,201611,72670
AY,201601,1109
UP,201603,33451
NU,201603,1770
GI,201603,1292
TO,201607,474
CE,201608,28379
KV,201609,2748
TI,201609,2677
VC,201609,1995
KZ,201611,6455
RB,201612,5025
IR,201612,100409
PL,201601,25455
NH,201601,745
MP,201601,788
TN,201602,1865
SO,201603,33082
BB,201604,2650
MG,201604,3929
BU,201605,15543
LE,201607,21792
MU,201609,4465
FM,201609,1708
BD,201610,4684
TV,201610,351
UV,201612,2881
TP,201604,55
LY,201601,32738
CO,201601,21317
MD,201601,9362
FG,201601,293
SL,201602,3675
DJ,201602,7287
IV,201605,3596
KS,201607,46446
BF,201607,8128
ES,201607,5397
ET,201608,14909
ZI,201609,41222
CD,201611,4949
SL,201611,4514
AQ,201612,123
PU,201603,288
SM,201608,68
FG,201610,71
AA,201602,232
,201608,736733
PF,201612,15
US,201601,3870683
RE,201601,653
SG,201602,5904
CQ,201603,381
MZ,201604,3864
HA,201604,7945
LO,201605,1793
RB,201606,4760
PL,201607,143513
SP,201608,29127
PE,201608,17254
BG,201609,44957
SI,201609,4437
AQ,201604,303
SV,201609,200
IM,201612,21
KN,201602,94876
FI,201603,6880
KZ,201603,9207
LA,201604,2457
JE,201604,7089
ML,201604,8463
MK,201605,7624
AC,201606,830
TW,201607,23450
KZ,201608,5016
SO,201608,28720
AO,201608,4470
GH,201609,42010
JA,201609,86993
LH,201609,3516
MI,201610,8962
RM,201611,606
AQ,201611,360
CB,201612,18446
MH,201611,135
BM,201611,18813
SL,201601,7175
GM,201602,135491
LH,201602,3358
ST,201604,688
BO,201604,11815
PM,201605,21019
ST,201605,788
YM,201607,17886
BU,201607,13212
EG,201608,47225
NT,201608,5
IZ,201609,101964
CY,201612,5398
GI,201612,963
VC,201606,356
IO,201610,6
CS,201601,3887
NU,201601,2517
BT,201602,2010
MZ,201602,3626
UP,201604,41334
HR,201604,5478
GY,201605,4493
BY,201605,4248
PK,201606,116821
OD,201608,24639
NG,201608,5110
DA,201609,14013
KZ,201610,8175
AQ,201607,288
TK,201607,38
WZ,201602,1879
CN,201602,207
MY,201604,51683
HK,201605,17780
VC,201605,798
ST,201608,718
UY,201609,6415
TO,201610,2079
GI,201610,805
ZI,201611,27596
HR,201612,3658
YI,201602,104
MU,201611,12031
NE,201606,36
SB,201611,4
WA,201601,4270
TZ,201601,12473
SE,201601,976
SA,201602,75957
GY,201602,5078
TI,201603,3295
UV,201604,1774
EZ,201607,9461
RS,201608,197411
DR,201608,2986
RE,201608,568
BF,201609,7256
RP,201611,120886
BF,201611,4872
WQ,201607,3
TK,201601,5
AG,201602,6267
HU,201603,17954
NP,201604,20625
NR,201607,911
ES,201609,2408
TS,201609,4035
RB,201609,4887
CI,201611,8817
MK,201611,3329
MK,201612,8121
AS,201601,465365
UG,201601,21405
BA,201601,30852
RI,201601,4662
EK,201601,960
AC,201601,1174
FR,201602,132570
EI,201602,63365
NZ,201603,41524
GQ,201603,3449
RW,201603,9428
AE,201604,25541
SL,201606,3245
MG,201609,2360
GZ,201609,1977
ZA,201610,6239
MX,201611,80922
WZ,201611,1028
IC,201611,4946
BL,201612,2907
IV,201612,1620
IO,201604,14
CS,201611,4982
LH,201611,8254
BE,201601,27805
CU,201602,88677
UZ,201602,2700
NI,201603,152849
VC,201603,525
QA,201604,29158
RO,201604,13134
FM,201606,328
DR,201607,3145
NS,201608,186
ES,201608,3217
CY,201609,7030
BP,201609,622
CG,201610,3863
DR,201610,2909
LY,201611,19486
KT,201611,380
SF,201612,61411
CN,201607,99
CN,201611,119
FG,201603,32
RB,201601,4524
WZ,201604,1400
ZI,201605,26452
ER,201606,8584
MB,201607,113
TN,201608,1172
JE,201610,9712
BX,201611,3829
PM,201611,7093
BU,201611,14631
IZ,201612,113517
LY,201612,34195
AG,201612,6844
CJ,201612,1053
FG,201609,37
BO,201612,8961
NF,201607,4
SG,201601,5167
MB,201601,66
UP,201602,35333
FI,201602,5792
BX,201603,6254
WS,201604,1841
AU,201605,28373
DJ,201606,1622
CB,201607,31723
PS,201607,324
RO,201608,13820
NC,201608,129
IN,201609,389613
SA,201612,46313
TD,201612,6022
SZ,201612,32764
RE,201603,969
TP,201610,11
HQ,201604,4
SB,201606,2
MC,201602,592
LU,201604,4144
RS,201606,161188
CO,201606,16625
RO,201607,13023
RE,201607,566
LI,201608,10000
NU,201608,3361
LU,201609,5310
FI,201610,9802
GZ,201612,1312
SV,201604,83
KT,201606,120
SH,201610,34
AE,201601,31633
UP,201601,22099
GQ,201601,4529
CJ,201602,1812
EG,201603,91924
BA,201605,7157
PU,201609,384
LY,201610,26409
MT,201611,5260
PE,201611,46175
SB,201603,8
TL,201603,8
FQ,201604,3
ER,201601,3442
QA,201602,20810
RP,201603,86400
AJ,201605,21150
CY,201605,7873
TU,201606,232970
DR,201606,3445
TU,201608,257811
AM,201608,14919
CO,201609,41351
MA,201609,2270
LA,201610,3971
SW,201612,17930
GQ,201612,2142
NC,201610,145
MF,201608,5
CM,201601,8997
VE,201601,13100
MJ,201601,600
CE,201603,19484
BO,201603,8275
GK,201603,545
VQ,201603,2131
MO,201604,10885
BN,201604,2298
GT,201606,4574
MD,201609,2120
IN,201610,346374
LG,201611,4299
BX,201612,4511
JQ,201612,1
SY,201602,323913
EZ,201602,17379
MV,201603,4483
NR,201605,6527
TN,201609,812
ST,201601,710
SN,201603,31010
TH,201604,38437
DR,201605,3909
PG,201605,126
IT,201608,99561
EC,201609,3962
OS,201610,4118
AY,201612,3563
BB,201612,4508
MB,201603,159
RN,201602,51
YM,201602,18429
KU,201602,9773
SW,201603,19823
GZ,201604,2326
GB,201606,838
UP,201607,28615
HU,201607,18646
SN,201608,45717
CF,201608,10392
EG,201611,47137
GK,201612,752
BP,201604,707
FM,201607,630
AL,201612,7079
FQ,201606,1
BV,201605,1
GI,201601,617
CY,201604,8133
YI,201604,110
SO,201605,25440
CD,201606,8888
WS,201606,2089
JA,201607,100962
GY,201608,4865
MK,201608,5690
CE,201609,21897
IT,201609,66964
BH,201610,4232
CS,201610,2234
DO,201612,402
AN,201601,33
AN,201602,114
TP,201606,24
MX,201603,67536
AA,201603,413
AC,201604,701
CB,201605,16752
AS,201606,313026
VI,201605,993
GM,201606,111338
GR,201606,39250
JA,201606,87984
KS,201606,39313
CJ,201606,1030
GV,201608,1876
EK,201608,377
ES,201610,2833
YM,201610,48133
BM,201610,13820
PA,201610,619
SL,201612,2987
VQ,201612,803
CW,201612,349
CV,201609,158
MF,201602,28
TP,201608,113
CA,201611,259035
GZ,201601,3346
TN,201601,528
VT,201602,2156
UY,201602,5386
TW,201604,22461
KU,201604,12686
IS,201605,233963
SE,201604,1838
IM,201604,296
EG,201606,69855
WI,201607,1081
NH,201608,874
CS,201608,3133
SF,201611,90238
RM,201608,554
CV,201612,199
SE,201612,1002
JN,201612,1
WZ,201601,1014
SW,201602,36374
IS,201602,260186
WS,201602,3786
AU,201603,20168
DA,201604,12874
AL,201605,7413
CD,201605,12548
RM,201605,432
EK,201606,326
GK,201607,816
LS,201608,1246
MP,201608,1299
CY,201610,6006
AA,201610,277
FK,201611,50
KT,201604,124
KT,201605,78
SM,201601,44
BE,201611,24974
DQ,201606,59
LU,201601,2515
KS,201603,63136
LO,201603,4856
GA,201603,6646
PA,201603,681
TZ,201604,10159
BK,201605,1439
BG,201606,63658
JO,201607,15347
MK,201607,2612
WZ,201610,2253
RI,201612,5614
NT,201611,22
CT,201602,7762
CI,201603,6533
LG,201605,2581
TD,201608,6668
VI,201609,205
FO,201608,394
LS,201605,919
CA,201601,261655
LT,201602,982
TV,201602,64
LE,201603,31666
AV,201603,146
BF,201604,8143
NT,201604,21
GV,201604,1560
SF,201605,99787
MO,201605,8539
ML,201606,6298
WZ,201606,1669
AA,201606,459
QA,201608,8927
BB,201609,5058
RW,201610,13962
BR,201610,31052
UK,201602,447908
ML,201602,8056
AJ,201603,10387
ER,201605,4448
AG,201606,5763
RW,201608,10097
JO,201608,18797
KS,201610,57508
CD,201612,4950
SC,201605,189
PU,201604,98
CA,201612,222049
UG,201602,45233
BB,201603,2496
PE,201604,17709
MV,201605,2062
GV,201606,1999
BM,201607,11128
EC,201610,9075
VQ,201611,1142
HO,201611,2139
JO,201612,30592
ES,201612,2066
NZ,201601,33801
BN,201601,2615
MT,201602,5934
FJ,201603,10112
UY,201604,3397
SE,201605,894
LI,201607,7727
NL,201607,19594
SA,201609,86311
WZ,201609,1913
ML,201609,7194
ZA,201611,3929
FP,201610,155
BP,201601,426
IM,201609,150
MY,201601,51182
NG,201601,4342
VC,201601,351
MX,201602,152495
HO,201602,2408
KE,201603,37148
GB,201603,521
CD,201603,8076
CE,201604,16412
KR,201605,420
MD,201605,1888
MI,201607,14026
MN,201607,1468
MY,201608,45396
GB,201609,22581
AY,201609,610
MY,201610,47325
SO,201610,41317
PL,201610,29013
BO,201611,6957
BD,201612,1789
MN,201612,696
SV,201605,81
CQ,201607,232
ZI,201601,24603
BA,201602,21754
GM,201603,109895
RN,201603,26
PO,201604,7760
SG,201604,6377
UY,201606,2548
NI,201607,165850
OD,201609,16826
CM,201611,4700
NE,201609,117
,201604,747908
MY,201611,55158
NT,201601,17
LI,201601,7954
MP,201602,1388
MH,201602,169
ID,201603,52172
BE,201604,89022
CS,201604,3278
LA,201606,3620
KU,201607,9296
TX,201612,1964
KG,201612,5583
OS,201612,6023
AJ,201601,7949
MG,201601,1715
AR,201602,13096
MT,201605,6791
IC,201606,4702
GG,201607,2936
BX,201608,7065
CT,201609,2603
BU,201609,9242
BU,201610,10521
LO,201610,2505
DA,201612,11085
FP,201608,111
LS,201610,172
BM,201602,13976
GV,201603,2507
RB,201603,12040
US,201604,4099448
VT,201603,2692
ET,201604,15670
KN,201606,36911
MV,201606,3463
ZA,201607,7141
HR,201607,3884
BK,201607,1958
LG,201608,2920
BA,201610,10571
BG,201611,56597
AN,201611,36
UZ,201601,2457
EI,201606,65809
KR,201607,298
BU,201608,8783
UP,201609,39256
HA,201611,18915
TK,201611,26
SH,201607,84
CN,201601,244
KV,201601,2099
BD,201602,1949
TW,201605,24602
EZ,201605,11618
GJ,201607,1592
IN,201608,510290
PO,201608,12814
EC,201608,5221
CO,201611,26133
IO,201612,7
PS,201601,234
LY,201603,50636
GL,201603,2262
KT,201603,219
RP,201605,129117
BX,201605,11214
HA,201605,11808
EZ,201606,7166
GH,201608,49283
VC,201608,705
GT,201610,2834
OC,201611,613
KT,201608,73
PG,201601,266
FK,201609,43
BK,201611,2304
KS,201612,66119
AL,201601,3049
TZ,201602,11744
SC,201603,321
AR,201604,13160
SP,201605,48044
ID,201605,46216
UG,201606,22070
UP,201606,23259
GY,201606,3999
SA,201606,52623
SU,201608,22010
TH,201609,38542
IR,201609,114624
DO,201611,511
FI,201611,7085
GA,201612,35242
TL,201604,19
WQ,201608,15
RQ,201601,9892
BP,201605,1055
MZ,201606,4363
CD,201607,6006
BP,201607,1046
AG,201608,7064
SZ,201609,29683
MK,201609,3455
SN,201601,28122
NL,201601,30050
LG,201601,2840
JA,201602,75098
MU,201602,5358
ID,201606,41451
ST,201607,972
SE,201608,1018
CU,201611,123054
RN,201610,43
FP,201611,226
YI,201608,67
NT,201603,1
MU,201601,5613
GL,201602,3357
LT,201603,1164
BT,201603,2738
TX,201603,2949
FR,201604,163769
AF,201606,140780
PA,201606,1882
CT,201608,2165
SP,201611,37143
ST,201611,825
LG,201612,3410
AN,201607,68
AV,201610,192
SO,201612,22940
IN,201601,309676
BF,201601,7916
OD,201603,7212
NP,201603,25496
MH,201603,466
BM,201604,16590
EC,201604,27334
KV,201604,2919
TI,201606,3975
TD,201607,6168
LS,201607,149
GJ,201608,856
CJ,201610,725
CQ,201612,13
NI,201601,142624
CE,201601,23475
FP,201602,1110
BA,201604,11690
HO,201604,6120
PM,201604,52817
SU,201605,19774
CE,201605,27241
MN,201605,1482
UP,201608,44357
LA,201609,57715
BE,201609,24868
JA,201611,94904
SI,201612,856
WQ,201611,7
NE,201608,39
EG,201601,73468
MK,201601,8678
HU,201602,14696
VC,201602,327
IR,201603,113065
IZ,201603,119006
CJ,201603,1286
CD,201608,8369
GI,201609,821
WS,201610,1596
TU,201612,145582
BT,201612,1663
CQ,201604,31
MF,201605,133
RB,201602,8349
KU,201603,8432
BM,201603,16567
PK,201604,143124
AV,201605,211
VT,201606,2522
ET,201607,13107
FR,201608,182117
RM,201607,447
VQ,201609,1096
RW,201609,8457
TS,201611,4724
WZ,201612,854
PA,201612,630
IM,201605,80
JE,201601,9159
CY,201602,7755
CV,201604,772
BC,201606,5226
CY,201606,8043
GZ,201607,2343
IV,201607,1827
GK,201609,890
GR,201611,62256
CW,201611,370
LS,201606,159
CQ,201610,668
SM,201607,39
GP,201602,81
NT,201610,6
DA,201601,26332
RM,201601,273
EC,201602,7480
MD,201603,2051
BL,201605,2808
PE,201605,12963
KG,201606,3683
GG,201606,2427
SG,201608,3309
PA,201611,546
AE,201612,24905
JN,201606,4
RE,201604,540
MP,201604,2163
OS,201605,7251
BF,201606,7174
UZ,201606,11148
GM,201607,188764
MO,201607,7964
PP,201607,3840
TD,201609,7652
AR,201609,8727
BC,201609,6510
ER,201609,2672
US,201611,4814617
RB,201610,5456
TU,201611,146819
GZ,201611,2555
VE,201611,14602
AS,201612,293926
FM,201612,152
MB,201611,65
MB,201609,123
BE,201612,25902
MI,201601,5705
ZA,201601,7597
IS,201603,274991
OS,201602,5222
MO,201603,17947
WS,201603,1477
RM,201603,626
CH,201604,259518
BT,201604,10703
GQ,201605,5990
IR,201606,89310
AL,201606,8187
BG,201607,214324
NR,201606,1245
OD,201611,14488
FO,201610,71
FG,201611,58
TI,201601,2371
KZ,201601,2988
NG,201603,4996
MC,201603,797
IZ,201604,114995
NR,201604,10001
OD,201607,49347
NU,201607,1532
VT,201608,2013
RQ,201609,9329
MA,201610,1240
NS,201611,168
TI,201612,2500
VQ,201606,774
AN,201609,44
SB,201608,20
TX,201601,2077
PE,201601,8003
NH,201605,1500
LY,201606,45875
MY,201607,53118
UG,201607,29166
BO,201607,7174
CY,201607,8206
GM,201608,108621
VQ,201608,877
KS,201609,68898
LE,201609,17046
SP,201610,46131
AL,201610,5251
MN,201611,1158
SH,201604,27
FO,201606,69
TK,201610,32
JO,201602,26203
AC,201603,1025
CB,201604,13965
GT,201605,3531
GI,201606,3011
ZI,201607,49067
ML,201607,9330
DO,201608,470
VM,201609,46261
VM,201611,44575
FJ,201612,5352
IO,201606,12
CN,201608,55
AC,201602,1669
NC,201604,207
KE,201605,65077
UY,201605,1747
NZ,201607,38711
BT,201608,1866
LY,201609,31664
GJ,201610,2064
LS,201604,212
NF,201604,57
IM,201607,37
ES,201611,4162
CI,201612,12288
RO,201602,9204
GG,201602,2752
AJ,201602,11434
MN,201603,2865
KG,201603,3312
ML,201605,4812
CB,201606,15742
SW,201607,16363
WA,201607,3306
BA,201607,11481
NG,201607,5304
IO,201607,39
SC,201608,147
DR,201609,2785
SI,201610,1318
ML,201611,6958
MJ,201611,2014
HA,201612,8938
TV,201611,56
AU,201602,27399
BU,201602,14268
BG,201603,44123
AL,201604,4933
AG,201604,6055
AV,201604,210
KV,201606,1159
MZ,201609,4824
WS,201609,1908
UV,201610,3538
UP,201611,24470
DJ,201612,1921
NE,201602,26
NT,201605,11
KT,201609,231
TK,201606,22
IR,201601,403761
NO,201602,12178
UV,201602,9818
KR,201603,231
LY,201604,45001
RI,201605,3391
IN,201606,365347
LE,201606,26221
CA,201607,221843
SY,201607,161864
EI,201608,75826
JE,201608,9980
TP,201609,33
RO,201610,15558
AY,201610,1327
MV,201611,1247
IP,201603,2
MN,201601,501
PK,201602,139330
CF,201603,7464
AJ,201604,45411
RW,201604,10422
GZ,201605,4164
TT,201606,398
BD,201607,1552
MJ,201608,829
RS,201609,273788
PA,201601,456
RO,201603,12197
EN,201603,2313
PK,201605,153821
MJ,201605,2084
MI,201606,8186
IT,201607,86385
UV,201608,1412
DJ,201608,2434
ST,201609,1118
BF,201610,10876
MB,201604,182
NR,201612,654
MO,201612,10094
DQ,201611,1
GH,201601,36915
AV,201601,185
AS,201604,461863
MC,201604,858
TN,201605,667
BX,201606,10318
NO,201607,17450
LA,201607,15457
GT,201608,6288
ML,201608,9016
PK,201609,207306
MO,201610,17760
RE,201610,575
LS,201601,69
GJ,201611,2125
SH,201608,24
SB,201604,3
PO,201601,13648
CN,201603,99
US,201608,4794152
NO,201609,26838
GR,201609,43850
GA,201609,4068
FI,201609,9067
BE,201610,52329
MT,201610,7585
VE,201610,24340
NI,201612,154455
JE,201612,10143
CT,201612,2091
GH,201612,36812
PG,201611,9
HA,201602,11961
LO,201602,1354
RM,201602,1683
BE,201605,37634
AO,201605,4668
CJ,201605,2131
IZ,201606,135325
NZ,201608,42021
CF,201609,8915
UZ,201611,3143
TZ,201612,8339
MB,201602,319
MF,201606,86
TL,201609,29
MH,201601,58
CV,201602,652
AL,201602,7055
GJ,201602,1136
WE,201603,21411
KV,201603,2115
SZ,201604,46550
FP,201604,519
VQ,201605,864
RO,201606,14699
RM,201606,596
VT,201610,1679
KN,201611,20057
AV,201608,198
NC,201601,184
NF,201612,15
ML,201601,18153
US,201602,4273092
BB,201602,2104
RI,201603,8956
LI,201603,9750
LG,201604,1835
MV,201604,4176
GV,201605,2153
CM,201605,7800
DA,201606,17422
TX,201607,5269
FM,201608,1568
LI,201609,10258
AG,201610,7785
CF,201612,10627
,201601,677656
,201603,794216
ES,201601,7811
NZ,201602,47168
ZA,201602,9230
NL,201603,39007
BP,201603,617
IV,201604,3481
TO,201604,950
MU,201605,6856
WS,201605,2283
NH,201606,1205
TV,201606,174
RB,201607,4556
CI,201608,7398
PA,201608,1688
VE,201609,22456
MG,201610,1854
MU,201610,8010
PE,201610,11010
JE,201602,8626
UY,201603,1976
WE,201604,14899
AR,201605,12089
BC,201607,4300
US,201609,4630896
EZ,201609,7590
PL,201612,39737
IM,201610,69
MH,201604,120
SC,201610,127
GR,201601,53023
BO,201601,6183
TU,201602,198953
MI,201602,7390
HR,201602,6486
PM,201603,5265
WI,201603,3468
NO,201605,17216
KN,201607,32372
DA,201607,10314
SF,201607,112702
CU,201608,30939
AR,201608,6905
EK,201609,629
PK,201610,215696
AO,201610,3723
ML,201612,5190
LE,201612,18121
IM,201602,95
GY,201601,4616
TS,201601,11748
UK,201603,439840
SU,201602,18288
DA,201603,11000
ZA,201603,9396
KE,201604,45825
MK,201604,21500
GL,201605,737
SI,201606,1540
VM,201607,33026
NI,201608,187885
MR,201608,1561
LE,201608,25133
AV,201609,159
MH,201609,65
MN,201610,875
FJ,201611,5886
OC,201610,443
BH,201601,6604
NH,201603,628
AY,201604,848
AE,201605,30891
IV,201606,4572
AV,201607,172
CW,201607,469
MA,201608,864
BN,201609,5012
BR,201611,25786
KN,201612,20853
FG,201604,131
WE,201601,12273
SA,201601,224289
BR,201601,55844
BT,201601,1762
LI,201602,8434
IC,201602,3058
CF,201605,8613
VT,201605,2644
KZ,201605,6160
MC,201606,817
UG,201610,24328
DA,201610,15477
NR,201610,3760
TW,201611,17075
RM,201612,439
RO,201611,11397
CE,201611,21577
RO,201612,12975
BV,201608,1
FQ,201608,2
WE,201602,26495
TX,201604,2119
NP,201608,30252
DR,201611,2046
UG,201611,26932
AQ,201603,3394
SC,201606,387
TL,201608,12
SP,201602,49829
TD,201603,6205
HK,201603,13760
HO,201603,16388
CN,201604,194
AM,201605,22743
YM,201606,18390
BB,201608,2197
LO,201609,8872
LT,201609,1252
CO,201610,46982
CW,201610,501
CV,201610,354
AU,201612,23285
GP,201603,182
OC,201606,497
PG,201607,1256
IO,201608,8
BG,201602,31119
BD,201603,2604
RB,201604,5544
GT,201604,6264
AO,201606,6413
CT,201607,2136
HK,201608,11633
MP,201609,1726
TX,201610,3157
ER,201610,3124
LU,201611,2046
MG,201611,3655
TX,201611,5606
LS,201611,248
UY,201601,2082
WZ,201603,1331
RI,201604,6245
SN,201604,35356
US,201605,4561673
HK,201606,13550
LT,201606,2592
PO,201607,8282
IZ,201608,128474
AE,201611,36079
RP,201612,112403
SU,201612,15282
SG,201612,8778
IR,201611,94945
TO,201602,412
PG,201609,23
QA,201601,14188
OC,201602,747
RQ,201603,10307
LA,201603,3007
AF,201604,98025
MU,201604,5906
CS,201605,2974
PO,201610,15040
GV,201610,2642
IV,201611,2147
NZ,201612,40717
NG,201612,3626
TL,201612,34
AN,201605,50
TT,201612,341
RN,201605,64
GP,201611,45
QA,201603,17720
RS,201604,166678
VQ,201604,1234
EN,201605,2886
VE,201605,17535
WI,201606,579
CM,201607,5166
PL,201609,26198
MP,201611,1765
SI,201611,3058
HR,201611,4140
YI,201612,725
,201612,650879
SY,201601,215220
NO,201603,18572
CO,201603,12692
MX,201608,92391
KV,201608,4299
MA,201611,4397
PG,201606,89
SY,201604,259850
FG,201605,164
BD,201606,2702
DJ,201607,1605
EK,201607,308
AF,201608,131074
HA,201608,10997
HU,201612,11677
WQ,201612,38
